time,NozGapOpen,NozGapClose,FanSpeed,EngineFuelRateTMSCS,TotalFuelConsumption
08:06:33.000,0.0,0.0,0.0,0.0,2519.0
08:06:33.100,0.0,0.0,0.0,0.0,2519.0
08:06:33.200,0.0,0.0,0.0,0.0,2519.0
08:06:33.300,0.0,0.0,0.0,0.0,2519.0
08:06:33.400,0.0,0.0,0.0,0.0,2519.0
08:06:33.500,0.0,0.0,0.0,0.0,2519.0
08:06:33.500,0.0,0.0,0.0,0.0,2519.0
08:06:33.600,0.0,0.0,0.0,0.0,2519.0
08:06:33.700,0.0,0.0,0.0,0.0,2519.0
08:06:33.800,0.0,0.0,0.0,0.0,2519.0
08:06:33.900,0.0,0.0,0.0,0.0,2519.0
08:06:34.000,0.0,0.0,0.0,0.0,2519.0
08:06:34.100,0.0,0.0,0.0,0.0,2519.0
08:06:34.200,0.0,0.0,0.0,0.0,2519.0
08:06:34.300,0.0,0.0,0.0,0.0,2519.0
08:06:34.400,0.0,0.0,0.0,0.0,2519.0
08:06:34.500,0.0,0.0,0.0,0.0,2519.0
08:06:34.600,0.0,0.0,0.0,0.0,2519.0
08:06:34.700,0.0,0.0,0.0,0.0,2519.0
08:06:34.800,0.0,0.0,0.0,0.0,2519.0
08:06:34.900,0.0,0.0,0.0,0.0,2519.0
08:06:35.000,0.0,0.0,0.0,0.0,2519.0
08:06:35.100,0.0,0.0,0.0,0.0,2519.0
08:06:35.200,0.0,0.0,0.0,0.0,2519.0
08:06:35.300,0.0,0.0,0.0,0.0,2519.0
08:06:35.400,0.0,0.0,0.0,0.0,2519.0
08:06:35.500,0.0,0.0,0.0,0.0,2519.0
08:06:35.600,0.0,0.0,0.0,0.0,2519.0
08:06:35.700,0.0,0.0,0.0,0.0,2519.0
08:06:35.800,0.0,0.0,0.0,0.0,2519.0
08:06:35.900,0.0,0.0,0.0,0.0,2519.0
08:06:36.000,0.0,0.0,0.0,0.0,2519.0
08:06:36.100,0.0,0.0,0.0,0.0,2519.0
08:06:36.200,0.0,0.0,0.0,0.0,2519.0
08:06:36.300,0.0,0.0,0.0,0.0,2519.0
08:06:36.400,0.0,0.0,0.0,0.0,2519.0
08:06:36.500,0.0,0.0,0.0,0.0,2519.0
08:06:36.600,0.0,0.0,0.0,0.0,2519.0
08:06:36.700,0.0,0.0,0.0,0.0,2519.0
08:06:36.800,0.0,0.0,0.0,0.0,2519.0
08:06:36.900,0.0,0.0,0.0,0.0,2519.0
08:06:37.000,0.0,0.0,0.0,0.0,2519.0
08:06:37.100,0.0,0.0,0.0,0.0,2519.0
08:06:37.200,0.0,0.0,0.0,0.0,2519.0
08:06:37.300,0.0,0.0,0.0,0.0,2519.0
08:06:37.400,0.0,0.0,0.0,0.0,2519.0
08:06:37.500,0.0,0.0,0.0,0.0,2519.0
08:06:37.600,0.0,0.0,0.0,0.0,2519.0
08:06:37.700,0.0,0.0,0.0,0.0,2519.0
08:06:37.800,0.0,0.0,0.0,0.0,2519.0
08:06:37.900,0.0,0.0,0.0,0.0,2519.0
08:06:38.000,0.0,0.0,0.0,0.0,2519.0
08:06:38.100,0.0,0.0,0.0,0.0,2519.0
08:06:38.200,0.0,0.0,0.0,0.0,2519.0
08:06:38.300,0.0,0.0,0.0,0.0,2519.0
08:06:38.400,0.0,0.0,0.0,0.0,2519.0
08:06:38.500,0.0,0.0,0.0,0.0,2519.0
08:06:38.600,0.0,0.0,0.0,0.0,2519.0
08:06:38.700,0.0,0.0,0.0,0.0,2519.0
08:06:38.800,0.0,0.0,0.0,0.0,2519.0
08:06:38.900,0.0,0.0,0.0,0.0,2519.0
08:06:39.000,0.0,0.0,0.0,0.0,2519.0
08:06:39.100,0.0,0.0,0.0,0.0,2519.0
08:06:39.200,0.0,0.0,0.0,0.0,2519.0
08:06:39.300,0.0,0.0,0.0,0.0,2519.0
08:06:39.400,0.0,0.0,0.0,0.0,2519.0
08:06:39.500,0.0,0.0,0.0,0.0,2519.0
08:06:39.600,0.0,0.0,0.0,0.0,2519.0
08:06:39.700,0.0,0.0,0.0,0.0,2519.0
08:06:39.800,0.0,0.0,0.0,0.0,2519.0
08:06:39.900,0.0,0.0,0.0,0.0,2519.0
08:06:40.000,0.0,0.0,0.0,0.0,2519.0
08:06:40.100,0.0,0.0,0.0,0.0,2519.0
08:06:40.200,0.0,0.0,0.0,0.0,2519.0
08:06:40.300,0.0,0.0,0.0,0.0,2519.0
08:06:40.400,0.0,0.0,0.0,0.0,2519.0
08:06:40.500,0.0,0.0,0.0,0.0,2519.0
08:06:40.600,0.0,0.0,0.0,0.0,2519.0
08:06:40.700,0.0,0.0,0.0,0.0,2519.0
08:06:40.800,0.0,0.0,0.0,0.0,2519.0
08:06:40.900,0.0,0.0,0.0,0.0,2519.0
08:06:41.000,0.0,0.0,0.0,0.0,2519.0
08:06:41.100,0.0,0.0,0.0,0.0,2519.0
08:06:41.200,0.0,0.0,0.0,0.0,2519.0
08:06:41.300,0.0,0.0,0.0,0.0,2519.0
08:06:41.400,0.0,0.0,0.0,0.0,2519.0
08:06:41.500,0.0,0.0,0.0,0.0,2519.0
08:06:41.600,0.0,0.0,0.0,0.0,2519.0
08:06:41.700,0.0,0.0,0.0,0.0,2519.0
08:06:41.800,0.0,0.0,0.0,0.0,2519.0
08:06:41.900,0.0,0.0,0.0,0.0,2519.0
08:06:42.000,0.0,0.0,0.0,0.0,2519.0
08:06:42.100,0.0,0.0,0.0,0.0,2519.0
08:06:42.200,0.0,0.0,0.0,0.0,2519.0
08:06:42.300,0.0,0.0,0.0,0.0,2519.0
08:06:42.400,0.0,0.0,0.0,0.0,2519.0
08:06:42.500,0.0,0.0,0.0,0.0,2519.0
08:06:42.600,0.0,0.0,0.0,0.0,2519.0
08:06:42.700,0.0,0.0,0.0,0.0,2519.0
08:06:42.800,0.0,0.0,0.0,0.0,2519.0
08:06:42.900,0.0,0.0,0.0,0.0,2519.0
08:06:43.000,0.0,0.0,0.0,0.0,2519.0
08:06:43.100,0.0,0.0,0.0,0.0,2519.0
08:06:43.200,0.0,0.0,0.0,0.0,2519.0
08:06:43.300,0.0,0.0,0.0,0.0,2519.0
08:06:43.400,0.0,0.0,0.0,0.0,2519.0
08:06:43.500,0.0,0.0,0.0,0.0,2519.0
08:06:43.600,0.0,0.0,0.0,0.0,2519.0
08:06:43.700,0.0,0.0,0.0,0.0,2519.0
08:06:43.800,0.0,0.0,0.0,0.0,2519.0
08:06:43.900,0.0,0.0,0.0,0.0,2519.0
08:06:44.000,0.0,0.0,0.0,0.0,2519.0
08:06:44.100,0.0,0.0,0.0,0.0,2519.0
08:06:44.200,0.0,0.0,0.0,0.0,2519.0
08:06:44.300,0.0,0.0,0.0,0.0,2519.0
08:06:44.400,0.0,0.0,0.0,0.0,2519.0
08:06:44.500,0.0,0.0,0.0,0.0,2519.0
08:06:44.600,0.0,0.0,0.0,0.0,2519.0
08:06:44.700,0.0,0.0,0.0,0.0,2519.0
08:06:44.800,0.0,0.0,0.0,0.0,2519.0
08:06:44.900,0.0,0.0,0.0,0.0,2519.0
08:06:45.000,0.0,0.0,0.0,0.0,2519.0
08:06:45.100,0.0,0.0,0.0,0.0,2519.0
08:06:45.200,0.0,0.0,0.0,0.0,2519.0
08:06:45.300,0.0,0.0,0.0,0.0,2519.0
08:06:45.400,0.0,0.0,0.0,0.0,2519.0
08:06:45.500,0.0,0.0,0.0,0.0,2519.0
08:06:45.600,0.0,0.0,0.0,0.0,2519.0
08:06:45.700,0.0,0.0,0.0,0.0,2519.0
08:06:45.800,0.0,0.0,0.0,0.0,2519.0
08:06:45.900,0.0,0.0,0.0,0.0,2519.0
08:06:46.000,0.0,0.0,0.0,0.0,2519.0
08:06:46.100,0.0,0.0,0.0,0.0,2519.0
08:06:46.200,0.0,0.0,0.0,0.0,2519.0
08:06:46.300,0.0,0.0,0.0,0.0,2519.0
08:06:46.400,0.0,0.0,0.0,0.0,2519.0
08:06:46.500,0.0,0.0,0.0,0.0,2519.0
08:06:46.600,0.0,0.0,0.0,0.0,2519.0
08:06:46.700,0.0,0.0,0.0,0.0,2519.0
08:06:46.800,0.0,0.0,0.0,0.0,2519.0
08:06:46.900,0.0,0.0,0.0,0.0,2519.0
08:06:47.000,0.0,0.0,0.0,0.0,2519.0
08:06:47.100,0.0,0.0,0.0,0.0,2519.0
08:06:47.200,0.0,0.0,0.0,0.0,2519.0
08:06:47.300,0.0,0.0,0.0,0.0,2519.0
08:06:47.400,0.0,0.0,0.0,0.0,2519.0
08:06:47.500,0.0,0.0,0.0,0.0,2519.0
08:06:47.600,0.0,0.0,0.0,0.0,2519.0
08:06:47.700,0.0,0.0,0.0,0.0,2519.0
08:06:47.800,0.0,0.0,0.0,0.0,2519.0
08:06:47.900,0.0,0.0,0.0,0.0,2519.0
08:06:48.000,0.0,0.0,0.0,0.0,2519.0
08:06:48.100,0.0,0.0,0.0,0.0,2519.0
08:06:48.200,0.0,0.0,0.0,0.0,2519.0
08:06:48.300,0.0,0.0,0.0,0.0,2519.0
08:06:48.400,0.0,0.0,0.0,0.0,2519.0
08:06:48.500,0.0,0.0,0.0,0.0,2519.0
08:06:48.600,0.0,0.0,0.0,0.0,2519.0
08:06:48.700,0.0,0.0,0.0,0.0,2519.0
08:06:48.800,0.0,0.0,0.0,0.0,2519.0
08:06:48.900,0.0,0.0,0.0,0.0,2519.0
08:06:49.000,0.0,0.0,0.0,0.0,2519.0
08:06:49.100,0.0,0.0,0.0,0.0,2519.0
08:06:49.200,0.0,0.0,0.0,0.0,2519.0
08:06:49.300,0.0,0.0,0.0,0.0,2519.0
08:06:49.400,0.0,0.0,0.0,0.0,2519.0
08:06:49.500,0.0,0.0,0.0,0.0,2519.0
08:06:49.600,0.0,0.0,0.0,0.0,2519.0
08:06:49.700,0.0,0.0,0.0,0.0,2519.0
08:06:49.800,0.0,0.0,0.0,0.0,2519.0
08:06:49.900,0.0,0.0,0.0,0.0,2519.0
08:06:50.000,0.0,0.0,0.0,0.0,2519.0
08:06:50.100,0.0,0.0,0.0,0.0,2519.0
08:06:50.200,0.0,0.0,0.0,0.0,2519.0
08:06:50.300,0.0,0.0,0.0,0.0,2519.0
08:06:50.400,0.0,0.0,0.0,0.0,2519.0
08:06:50.500,0.0,0.0,0.0,0.0,2519.0
08:06:50.600,0.0,0.0,0.0,0.0,2519.0
08:06:50.700,0.0,0.0,0.0,0.0,2519.0
08:06:50.800,0.0,0.0,0.0,0.0,2519.0
08:06:50.900,0.0,0.0,0.0,0.0,2519.0
08:06:51.000,0.0,0.0,0.0,0.0,2519.0
08:06:51.100,0.0,0.0,0.0,0.0,2519.0
08:06:51.200,0.0,0.0,0.0,0.0,2519.0
08:06:51.300,0.0,0.0,0.0,0.0,2519.0
08:06:51.400,0.0,0.0,0.0,0.0,2519.0
08:06:51.500,0.0,0.0,0.0,0.0,2519.0
08:06:51.600,0.0,0.0,0.0,0.0,2519.0
08:06:51.700,0.0,0.0,0.0,0.0,2519.0
08:06:51.800,0.0,0.0,0.0,0.0,2519.0
08:06:51.900,0.0,0.0,0.0,0.0,2519.0
08:06:52.000,0.0,0.0,0.0,0.0,2519.0
08:06:52.100,0.0,0.0,0.0,0.0,2519.0
08:06:52.200,0.0,0.0,0.0,0.0,2519.0
08:06:52.300,0.0,0.0,0.0,0.0,2519.0
08:06:52.400,0.0,0.0,0.0,0.0,2519.0
08:06:52.500,0.0,0.0,0.0,0.0,2519.0
08:06:52.600,0.0,0.0,0.0,0.0,2519.0
08:06:52.700,0.0,0.0,0.0,0.0,2519.0
08:06:52.800,0.0,0.0,0.0,0.0,2519.0
08:06:52.900,0.0,0.0,0.0,0.0,2519.0
08:06:53.000,0.0,0.0,0.0,0.0,2519.0
08:06:53.100,0.0,0.0,0.0,0.0,2519.0
08:06:53.200,0.0,0.0,0.0,0.0,2519.0
08:06:53.300,0.0,0.0,0.0,0.0,2519.0
08:06:53.400,0.0,0.0,0.0,0.0,2519.0
08:06:53.500,0.0,0.0,0.0,0.0,2519.0
08:06:53.600,0.0,0.0,0.0,0.0,2519.0
08:06:53.700,0.0,0.0,0.0,0.0,2519.0
08:06:53.800,0.0,0.0,0.0,0.0,2519.0
08:06:53.900,0.0,0.0,0.0,0.0,2519.0
08:06:54.000,0.0,0.0,0.0,0.0,2519.0
08:06:54.100,0.0,0.0,0.0,0.0,2519.0
08:06:54.200,0.0,0.0,0.0,0.0,2519.0
08:06:54.300,0.0,0.0,0.0,0.0,2519.0
08:06:54.400,0.0,0.0,0.0,0.0,2519.0
08:06:54.500,0.0,0.0,0.0,0.0,2519.0
08:06:54.600,0.0,0.0,0.0,0.0,2519.0
08:06:54.700,0.0,0.0,0.0,0.0,2519.0
08:06:54.800,0.0,0.0,0.0,0.0,2519.0
08:06:54.900,0.0,0.0,0.0,0.0,2519.0
08:06:55.000,0.0,0.0,0.0,0.0,2519.0
08:06:55.100,0.0,0.0,0.0,0.0,2519.0
08:06:55.200,0.0,0.0,0.0,0.0,2519.0
08:06:55.300,0.0,0.0,0.0,0.0,2519.0
08:06:55.400,0.0,0.0,0.0,0.0,2519.0
08:06:55.500,0.0,0.0,0.0,0.0,2519.0
08:06:55.600,0.0,0.0,0.0,0.0,2519.0
08:06:55.700,0.0,0.0,0.0,0.0,2519.0
08:06:55.800,0.0,0.0,0.0,0.0,2519.0
08:06:55.900,0.0,0.0,0.0,0.0,2519.0
08:06:56.000,0.0,0.0,0.0,0.0,2519.0
08:06:56.100,0.0,0.0,0.0,0.0,2519.0
08:06:56.200,0.0,0.0,0.0,0.0,2519.0
08:06:56.300,0.0,0.0,0.0,0.0,2519.0
08:06:56.400,0.0,0.0,0.0,0.0,2519.0
08:06:56.500,0.0,0.0,0.0,0.0,2519.0
08:06:56.600,0.0,0.0,0.0,0.0,2519.0
08:06:56.700,0.0,0.0,0.0,0.0,2519.0
08:06:56.800,0.0,0.0,0.0,0.0,2519.0
08:06:56.900,0.0,0.0,0.0,0.0,2519.0
08:06:57.000,0.0,0.0,0.0,0.0,2519.0
08:06:57.100,0.0,0.0,0.0,0.0,2519.0
08:06:57.200,0.0,0.0,0.0,0.0,2519.0
08:06:57.300,0.0,0.0,0.0,0.0,2519.0
08:06:57.400,0.0,0.0,0.0,0.0,2519.0
08:06:57.500,0.0,0.0,0.0,0.0,2519.0
08:06:57.600,0.0,0.0,0.0,0.0,2519.0
08:06:57.700,0.0,0.0,0.0,0.0,2519.0
08:06:57.800,0.0,0.0,0.0,0.0,2519.0
08:06:57.900,0.0,0.0,0.0,0.0,2519.0
08:06:58.000,0.0,0.0,0.0,0.0,2519.0
08:06:58.100,0.0,0.0,0.0,0.0,2519.0
08:06:58.200,0.0,0.0,0.0,0.0,2519.0
08:06:58.300,0.0,0.0,0.0,0.0,2519.0
08:06:58.400,0.0,0.0,0.0,0.0,2519.0
08:06:58.500,0.0,0.0,0.0,0.0,2519.0
08:06:58.600,0.0,0.0,0.0,0.0,2519.0
08:06:58.700,0.0,0.0,0.0,0.0,2519.0
08:06:58.800,0.0,0.0,0.0,0.0,2519.0
08:06:58.900,0.0,0.0,0.0,0.0,2519.0
08:06:59.000,0.0,0.0,0.0,0.0,2519.0
08:06:59.100,0.0,0.0,0.0,0.0,2519.0
08:06:59.200,0.0,0.0,0.0,0.0,2519.0
08:06:59.300,0.0,0.0,0.0,0.0,2519.0
08:06:59.400,0.0,0.0,0.0,0.0,2519.0
08:06:59.500,0.0,0.0,0.0,0.0,2519.0
08:06:59.600,0.0,0.0,0.0,0.0,2519.0
08:06:59.700,0.0,0.0,0.0,0.0,2519.0
08:06:59.800,0.0,0.0,0.0,0.0,2519.0
08:06:59.900,0.0,0.0,0.0,0.0,2519.0
08:07:00.000,0.0,0.0,0.0,0.0,2519.0
08:07:00.100,0.0,0.0,0.0,0.0,2519.0
08:07:00.200,0.0,0.0,0.0,0.0,2519.0
08:07:00.300,0.0,0.0,0.0,0.0,2519.0
08:07:00.400,0.0,0.0,0.0,0.0,2519.0
08:07:00.500,0.0,0.0,0.0,0.0,2519.0
08:07:00.600,0.0,0.0,0.0,0.0,2519.0
08:07:00.700,0.0,0.0,0.0,0.0,2519.0
08:07:00.800,0.0,0.0,0.0,0.0,2519.0
08:07:00.900,0.0,0.0,0.0,0.0,2519.0
08:07:01.000,0.0,0.0,0.0,0.0,2519.0
08:07:01.100,0.0,0.0,0.0,0.0,2519.0
08:07:01.200,0.0,0.0,0.0,0.0,2519.0
08:07:01.300,0.0,0.0,0.0,0.0,2519.0
08:07:01.400,0.0,0.0,0.0,0.0,2519.0
08:07:01.500,0.0,0.0,0.0,0.0,2519.0
08:07:01.600,0.0,0.0,0.0,0.0,2519.0
08:07:01.700,0.0,0.0,0.0,0.0,2519.0
08:07:01.800,0.0,0.0,0.0,0.0,2519.0
08:07:01.900,0.0,0.0,0.0,0.0,2519.0
08:07:02.000,0.0,0.0,0.0,0.0,2519.0
08:07:02.100,0.0,0.0,0.0,0.0,2519.0
08:07:02.200,0.0,0.0,0.0,0.0,2519.0
08:07:02.300,0.0,0.0,0.0,0.0,2519.0
08:07:02.400,0.0,0.0,0.0,0.0,2519.0
08:07:02.500,0.0,0.0,0.0,0.0,2519.0
08:07:02.600,0.0,0.0,0.0,0.0,2519.0
08:07:02.700,0.0,0.0,0.0,0.0,2519.0
08:07:02.800,0.0,0.0,0.0,0.0,2519.0
08:07:02.900,0.0,0.0,0.0,0.0,2519.0
08:07:03.000,0.0,0.0,0.0,0.0,2519.0
08:07:03.100,0.0,0.0,0.0,0.0,2519.0
08:07:03.200,0.0,0.0,0.0,0.0,2519.0
08:07:03.300,0.0,0.0,0.0,0.0,2519.0
08:07:03.400,0.0,0.0,0.0,0.0,2519.0
08:07:03.500,0.0,0.0,0.0,0.0,2519.0
08:07:03.600,0.0,0.0,0.0,0.0,2519.0
08:07:03.700,0.0,0.0,0.0,0.0,2519.0
08:07:03.800,0.0,0.0,0.0,0.0,2519.0
08:07:03.900,0.0,0.0,0.0,0.0,2519.0
08:07:04.000,0.0,0.0,0.0,0.0,2519.0
08:07:04.100,0.0,0.0,0.0,0.0,2519.0
08:07:04.200,0.0,0.0,0.0,0.0,2519.0
08:07:04.300,0.0,0.0,0.0,0.0,2519.0
08:07:04.400,0.0,0.0,0.0,0.0,2519.0
08:07:04.500,0.0,0.0,0.0,0.0,2519.0
08:07:04.600,0.0,0.0,0.0,0.0,2519.0
08:07:04.700,0.0,0.0,0.0,0.0,2519.0
08:07:04.800,0.0,0.0,0.0,0.0,2519.0
08:07:04.900,0.0,0.0,0.0,0.0,2519.0
08:07:05.000,0.0,0.0,0.0,0.0,2519.0
08:07:05.100,0.0,0.0,0.0,0.0,2519.0
08:07:05.200,0.0,0.0,0.0,0.0,2519.0
08:07:05.300,0.0,0.0,0.0,0.0,2519.0
08:07:05.400,0.0,0.0,0.0,0.0,2519.0
08:07:05.500,0.0,0.0,0.0,0.0,2519.0
08:07:05.600,0.0,0.0,0.0,0.0,2519.0
08:07:05.700,0.0,0.0,0.0,0.0,2519.0
08:07:05.800,0.0,0.0,0.0,0.0,2519.0
08:07:05.900,0.0,0.0,0.0,0.0,2519.0
08:07:06.000,0.0,0.0,0.0,0.0,2519.0
08:07:06.100,0.0,0.0,0.0,0.0,2519.0
08:07:06.200,0.0,0.0,0.0,0.0,2519.0
08:07:06.300,0.0,0.0,0.0,0.0,2519.0
08:07:06.400,0.0,0.0,0.0,0.0,2519.0
08:07:06.500,0.0,0.0,0.0,0.0,2519.0
08:07:06.600,0.0,0.0,0.0,0.0,2519.0
08:07:06.700,0.0,0.0,0.0,0.0,2519.0
08:07:06.800,0.0,0.0,0.0,0.0,2519.0
08:07:06.900,0.0,0.0,0.0,0.0,2519.0
08:07:07.000,0.0,0.0,0.0,0.0,2519.0
08:07:07.100,0.0,0.0,0.0,0.0,2519.0
08:07:07.200,0.0,0.0,0.0,0.0,2519.0
08:07:07.300,0.0,0.0,0.0,0.0,2519.0
08:07:07.400,0.0,0.0,0.0,0.0,2519.0
08:07:07.500,0.0,0.0,0.0,0.0,2519.0
08:07:07.600,0.0,0.0,0.0,0.0,2519.0
08:07:07.700,0.0,0.0,0.0,0.0,2519.0
08:07:07.800,0.0,0.0,0.0,0.0,2519.0
08:07:07.900,0.0,0.0,0.0,0.0,2519.0
08:07:08.000,0.0,0.0,0.0,0.0,2519.0
08:07:08.100,0.0,0.0,0.0,0.0,2519.0
08:07:08.200,0.0,0.0,0.0,0.0,2519.0
08:07:08.300,0.0,0.0,0.0,0.0,2519.0
08:07:08.400,0.0,0.0,0.0,0.0,2519.0
08:07:08.500,0.0,0.0,0.0,0.0,2519.0
08:07:08.600,0.0,0.0,0.0,0.0,2519.0
08:07:08.700,0.0,0.0,0.0,0.0,2519.0
08:07:08.800,0.0,0.0,0.0,0.0,2519.0
08:07:08.900,0.0,0.0,0.0,0.0,2519.0
08:07:09.000,0.0,0.0,0.0,0.0,2519.0
08:07:09.100,0.0,0.0,0.0,0.0,2519.0
08:07:09.200,0.0,0.0,0.0,0.0,2519.0
08:07:09.300,0.0,0.0,0.0,0.0,2519.0
08:07:09.400,0.0,0.0,0.0,0.0,2519.0
08:07:09.500,0.0,0.0,0.0,0.0,2519.0
08:07:09.600,0.0,0.0,0.0,0.0,2519.0
08:07:09.700,0.0,0.0,0.0,0.0,2519.0
08:07:09.800,0.0,0.0,0.0,0.0,2519.0
08:07:09.900,0.0,0.0,0.0,0.0,2519.0
08:07:10.000,0.0,0.0,0.0,0.0,2519.0
08:07:10.100,0.0,0.0,0.0,0.0,2519.0
08:07:10.200,0.0,0.0,0.0,0.0,2519.0
08:07:10.300,0.0,0.0,0.0,0.0,2519.0
08:07:10.400,0.0,0.0,0.0,0.0,2519.0
08:07:10.500,0.0,0.0,0.0,0.0,2519.0
08:07:10.600,0.0,0.0,0.0,0.0,2519.0
08:07:10.700,0.0,0.0,0.0,0.0,2519.0
08:07:10.800,0.0,0.0,0.0,0.0,2519.0
08:07:10.900,0.0,0.0,0.0,0.0,2519.0
08:07:11.000,0.0,0.0,0.0,0.0,2519.0
08:07:11.100,0.0,0.0,0.0,0.0,2519.0
08:07:11.200,0.0,0.0,0.0,0.0,2519.0
08:07:11.300,0.0,0.0,0.0,0.0,2519.0
08:07:11.400,0.0,0.0,0.0,0.0,2519.0
08:07:11.500,0.0,0.0,0.0,0.0,2519.0
08:07:11.600,0.0,0.0,0.0,0.0,2519.0
08:07:11.700,0.0,0.0,0.0,0.0,2519.0
08:07:11.800,0.0,0.0,0.0,0.0,2519.0
08:07:11.900,0.0,0.0,0.0,0.0,2519.0
08:07:12.000,0.0,0.0,0.0,0.0,2519.0
08:07:12.100,0.0,0.0,0.0,0.0,2519.0
08:07:12.200,0.0,0.0,0.0,0.0,2519.0
08:07:12.300,0.0,0.0,0.0,0.0,2519.0
08:07:12.400,0.0,0.0,0.0,0.0,2519.0
08:07:12.500,0.0,0.0,0.0,0.0,2519.0
08:07:12.600,0.0,0.0,0.0,0.0,2519.0
08:07:12.700,0.0,0.0,0.0,0.0,2519.0
08:07:12.800,0.0,0.0,0.0,0.0,2519.0
08:07:12.900,0.0,0.0,0.0,0.0,2519.0
08:07:13.000,0.0,0.0,0.0,0.0,2519.0
08:07:13.100,0.0,0.0,0.0,0.0,2519.0
08:07:13.200,0.0,0.0,0.0,0.0,2519.0
08:07:13.300,0.0,0.0,0.0,0.0,2519.0
08:07:13.400,0.0,0.0,0.0,0.0,2519.0
08:07:13.500,0.0,0.0,0.0,0.0,2519.0
08:07:13.600,0.0,0.0,0.0,0.0,2519.0
08:07:13.700,0.0,0.0,0.0,0.0,2519.0
08:07:13.800,0.0,0.0,0.0,0.0,2519.0
08:07:13.900,0.0,0.0,0.0,0.0,2519.0
08:07:14.000,0.0,0.0,0.0,0.0,2519.0
08:07:14.100,0.0,0.0,0.0,0.0,2519.0
08:07:14.200,0.0,0.0,0.0,0.0,2519.0
08:07:14.300,0.0,0.0,0.0,0.0,2519.0
08:07:14.400,0.0,0.0,0.0,0.0,2519.0
08:07:14.500,0.0,0.0,0.0,0.0,2519.0
08:07:14.600,0.0,0.0,0.0,0.0,2519.0
08:07:14.700,0.0,0.0,0.0,0.0,2519.0
08:07:14.800,0.0,0.0,0.0,0.0,2519.0
08:07:14.900,0.0,0.0,0.0,0.0,2519.0
08:07:15.000,0.0,0.0,0.0,0.0,2519.0
08:07:15.100,0.0,0.0,0.0,0.0,2519.0
08:07:15.200,0.0,0.0,0.0,0.0,2519.0
08:07:15.300,0.0,0.0,0.0,0.0,2519.0
08:07:15.400,0.0,0.0,0.0,0.0,2519.0
08:07:15.500,0.0,0.0,0.0,0.0,2519.0
08:07:15.600,0.0,0.0,0.0,0.0,2519.0
08:07:15.700,0.0,0.0,0.0,0.0,2519.0
08:07:15.800,0.0,0.0,0.0,0.0,2519.0
08:07:15.900,0.0,0.0,0.0,0.0,2519.0
08:07:16.000,0.0,0.0,0.0,0.0,2519.0
08:07:16.100,0.0,0.0,0.0,0.0,2519.0
08:07:16.200,0.0,0.0,0.0,0.0,2519.0
08:07:16.300,0.0,0.0,0.0,0.0,2519.0
08:07:16.400,0.0,0.0,0.0,0.0,2519.0
08:07:16.500,0.0,0.0,0.0,0.0,2519.0
08:07:16.600,0.0,0.0,0.0,0.0,2519.0
08:07:16.700,0.0,0.0,0.0,0.0,2519.0
08:07:16.800,0.0,0.0,0.0,0.0,2519.0
08:07:16.900,0.0,0.0,0.0,0.0,2519.0
08:07:17.000,0.0,0.0,0.0,0.0,2519.0
08:07:17.100,0.0,0.0,0.0,0.0,2519.0
08:07:17.200,0.0,0.0,0.0,0.0,2519.0
08:07:17.300,0.0,0.0,0.0,0.0,2519.0
08:07:17.400,0.0,0.0,0.0,0.0,2519.0
08:07:17.500,0.0,0.0,0.0,0.0,2519.0
08:07:17.600,0.0,0.0,0.0,0.0,2519.0
08:07:17.700,0.0,0.0,0.0,0.0,2519.0
08:07:17.800,0.0,0.0,0.0,0.0,2519.0
08:07:17.900,0.0,0.0,0.0,0.0,2519.0
08:07:18.000,0.0,0.0,0.0,0.0,2519.0
08:07:18.100,0.0,0.0,0.0,0.0,2519.0
08:07:18.200,0.0,0.0,0.0,0.0,2519.0
08:07:18.300,0.0,0.0,0.0,0.0,2519.0
08:07:18.400,0.0,0.0,0.0,0.0,2519.0
08:07:18.500,0.0,0.0,0.0,0.0,2519.0
08:07:18.600,0.0,0.0,0.0,0.0,2519.0
08:07:18.700,0.0,0.0,0.0,0.0,2519.0
08:07:18.800,0.0,0.0,0.0,0.0,2519.0
08:07:18.900,0.0,0.0,0.0,0.0,2519.0
08:07:19.000,0.0,0.0,0.0,0.0,2519.0
08:07:19.100,0.0,0.0,0.0,0.0,2519.0
08:07:19.200,0.0,0.0,0.0,0.0,2519.0
08:07:19.300,0.0,0.0,0.0,0.0,2519.0
08:07:19.400,0.0,0.0,0.0,0.0,2519.0
08:07:19.500,0.0,0.0,0.0,0.0,2519.0
08:07:19.600,0.0,0.0,0.0,0.0,2519.0
08:07:19.700,0.0,0.0,0.0,0.0,2519.0
08:07:19.800,0.0,0.0,0.0,0.0,2519.0
08:07:19.900,0.0,0.0,0.0,0.0,2519.0
08:07:20.000,0.0,0.0,0.0,0.0,2519.0
08:07:20.100,0.0,0.0,0.0,0.0,2519.0
08:07:20.200,0.0,0.0,0.0,0.0,2519.0
08:07:20.300,0.0,0.0,0.0,0.0,2519.0
08:07:20.400,0.0,0.0,0.0,0.0,2519.0
08:07:20.500,0.0,0.0,0.0,0.0,2519.0
08:07:20.600,0.0,0.0,0.0,0.0,2519.0
08:07:20.700,0.0,0.0,0.0,0.0,2519.0
08:07:20.800,0.0,0.0,0.0,0.0,2519.0
08:07:20.900,0.0,0.0,0.0,0.0,2519.0
08:07:21.000,0.0,0.0,0.0,0.0,2519.0
08:07:21.100,0.0,0.0,0.0,0.0,2519.0
08:07:21.200,0.0,0.0,0.0,0.0,2519.0
08:07:21.300,0.0,0.0,0.0,0.0,2519.0
08:07:21.400,0.0,0.0,0.0,0.0,2519.0
08:07:21.500,0.0,0.0,0.0,0.0,2519.0
08:07:21.600,0.0,0.0,0.0,0.0,2519.0
08:07:21.700,0.0,0.0,0.0,0.0,2519.0
08:07:21.800,0.0,0.0,0.0,0.0,2519.0
08:07:21.900,0.0,0.0,0.0,0.0,2519.0
08:07:22.000,0.0,0.0,0.0,0.0,2519.0
08:07:22.100,0.0,0.0,0.0,0.0,2519.0
08:07:22.200,0.0,0.0,0.0,0.0,2519.0
08:07:22.300,0.0,0.0,0.0,0.0,2519.0
08:07:22.400,0.0,0.0,0.0,0.0,2519.0
08:07:22.500,0.0,0.0,0.0,0.0,2519.0
08:07:22.600,0.0,0.0,0.0,0.0,2519.0
08:07:22.700,0.0,0.0,0.0,0.0,2519.0
08:07:22.800,0.0,0.0,0.0,0.0,2519.0
08:07:22.900,0.0,0.0,0.0,0.0,2519.0
08:07:23.000,0.0,0.0,0.0,0.0,2519.0
08:07:23.100,0.0,0.0,0.0,0.0,2519.0
08:07:23.200,0.0,0.0,0.0,0.0,2519.0
08:07:23.300,0.0,0.0,0.0,0.0,2519.0
08:07:23.400,0.0,0.0,0.0,0.0,2519.0
08:07:23.500,0.0,0.0,0.0,0.0,2519.0
08:07:23.600,0.0,0.0,0.0,0.0,2519.0
08:07:23.700,0.0,0.0,0.0,0.0,2519.0
08:07:23.800,0.0,0.0,0.0,0.0,2519.0
08:07:23.900,0.0,0.0,0.0,0.0,2519.0
08:07:24.000,0.0,0.0,0.0,0.0,2519.0
08:07:24.100,0.0,0.0,0.0,0.0,2519.0
08:07:24.200,0.0,0.0,0.0,0.0,2519.0
08:07:24.300,0.0,0.0,0.0,0.0,2519.0
08:07:24.400,0.0,0.0,0.0,0.0,2519.0
08:07:24.500,0.0,0.0,0.0,0.0,2519.0
08:07:24.600,0.0,0.0,0.0,0.0,2519.0
08:07:24.700,0.0,0.0,0.0,0.0,2519.0
08:07:24.800,0.0,0.0,0.0,0.0,2519.0
08:07:24.900,0.0,0.0,0.0,0.0,2519.0
08:07:25.000,0.0,0.0,0.0,0.0,2519.0
08:07:25.100,0.0,0.0,0.0,0.0,2519.0
08:07:25.200,0.0,0.0,0.0,0.0,2519.0
08:07:25.300,0.0,0.0,0.0,0.0,2519.0
08:07:25.400,0.0,0.0,0.0,0.0,2519.0
08:07:25.500,0.0,0.0,0.0,0.0,2519.0
08:07:25.600,0.0,0.0,0.0,0.0,2519.0
08:07:25.700,0.0,0.0,0.0,0.0,2519.0
08:07:25.800,0.0,0.0,0.0,0.0,2519.0
08:07:25.900,0.0,0.0,0.0,0.0,2519.0
08:07:26.000,0.0,0.0,0.0,0.0,2519.0
08:07:26.100,0.0,0.0,0.0,0.0,2519.0
08:07:26.200,0.0,0.0,0.0,0.0,2519.0
08:07:26.300,0.0,0.0,0.0,0.0,2519.0
08:07:26.400,0.0,0.0,0.0,0.0,2519.0
08:07:26.500,0.0,0.0,0.0,0.0,2519.0
08:07:26.600,0.0,0.0,0.0,0.0,2519.0
08:07:26.700,0.0,0.0,0.0,0.0,2519.0
08:07:26.800,0.0,0.0,0.0,0.0,2519.0
08:07:26.900,0.0,0.0,0.0,0.0,2519.0
08:07:27.000,0.0,0.0,0.0,0.0,2519.0
08:07:27.100,0.0,0.0,0.0,0.0,2519.0
08:07:27.200,0.0,0.0,0.0,0.0,2519.0
08:07:27.300,0.0,0.0,0.0,0.0,2519.0
08:07:27.400,0.0,0.0,0.0,0.0,2519.0
08:07:27.500,0.0,0.0,0.0,0.0,2519.0
08:07:27.600,0.0,0.0,0.0,0.0,2519.0
08:07:27.700,0.0,0.0,0.0,0.0,2519.0
08:07:27.800,0.0,0.0,0.0,0.0,2519.0
08:07:27.900,0.0,0.0,0.0,0.0,2519.0
08:07:28.000,0.0,0.0,0.0,0.0,2519.0
08:07:28.100,0.0,0.0,0.0,0.0,2519.0
08:07:28.200,0.0,0.0,0.0,0.0,2519.0
08:07:28.300,0.0,0.0,0.0,0.0,2519.0
08:07:28.400,0.0,0.0,0.0,0.0,2519.0
08:07:28.500,0.0,0.0,0.0,0.0,2519.0
08:07:28.600,0.0,0.0,0.0,0.0,2519.0
08:07:28.700,0.0,0.0,0.0,0.0,2519.0
08:07:28.800,0.0,0.0,0.0,0.0,2519.0
08:07:28.900,0.0,0.0,0.0,0.0,2519.0
08:07:29.000,0.0,0.0,0.0,0.0,2519.0
08:07:29.100,0.0,0.0,0.0,0.0,2519.0
08:07:29.200,0.0,0.0,0.0,0.0,2519.0
08:07:29.300,0.0,0.0,0.0,0.0,2519.0
08:07:29.400,0.0,0.0,0.0,0.0,2519.0
08:07:29.500,0.0,0.0,0.0,0.0,2519.0
08:07:29.600,0.0,0.0,0.0,0.0,2519.0
08:07:29.700,0.0,0.0,0.0,0.0,2519.0
08:07:29.800,0.0,0.0,0.0,0.0,2519.0
08:07:29.900,0.0,0.0,0.0,0.0,2519.0
08:07:30.000,0.0,0.0,0.0,0.0,2519.0
08:07:30.100,0.0,0.0,0.0,0.0,2519.0
08:07:30.200,0.0,0.0,0.0,0.0,2519.0
08:07:30.300,0.0,0.0,0.0,0.0,2519.0
08:07:30.400,0.0,0.0,0.0,0.0,2519.0
08:07:30.500,0.0,0.0,0.0,0.0,2519.0
08:07:30.600,0.0,0.0,0.0,0.0,2519.0
08:07:30.700,0.0,0.0,0.0,0.0,2519.0
08:07:30.800,0.0,0.0,0.0,0.0,2519.0
08:07:30.900,0.0,0.0,0.0,0.0,2519.0
08:07:31.000,0.0,0.0,0.0,0.0,2519.0
08:07:31.100,0.0,0.0,0.0,0.0,2519.0
08:07:31.200,0.0,0.0,0.0,0.0,2519.0
08:07:31.300,0.0,0.0,0.0,0.0,2519.0
08:07:31.400,0.0,0.0,0.0,0.0,2519.0
08:07:31.500,0.0,0.0,0.0,0.0,2519.0
08:07:31.600,0.0,0.0,0.0,0.0,2519.0
08:07:31.700,0.0,0.0,0.0,0.0,2519.0
08:07:31.800,0.0,0.0,0.0,0.0,2519.0
08:07:31.900,0.0,0.0,0.0,0.0,2519.0
08:07:32.000,0.0,0.0,0.0,0.0,2519.0
08:07:32.100,0.0,0.0,0.0,0.0,2519.0
08:07:32.200,0.0,0.0,0.0,0.0,2519.0
08:07:32.300,0.0,0.0,0.0,0.0,2519.0
08:07:32.400,0.0,0.0,0.0,0.0,2519.0
08:07:32.500,0.0,0.0,0.0,0.0,2519.0
08:07:32.600,0.0,0.0,0.0,0.0,2519.0
08:07:32.700,0.0,0.0,0.0,0.0,2519.0
08:07:32.800,0.0,0.0,0.0,0.0,2519.0
08:07:32.900,0.0,0.0,0.0,0.0,2519.0
08:07:33.000,0.0,0.0,0.0,0.0,2519.0
08:07:33.100,0.0,0.0,0.0,0.0,2519.0
08:07:33.200,0.0,0.0,0.0,0.0,2519.0
08:07:33.300,0.0,0.0,0.0,0.0,2519.0
08:07:33.400,0.0,0.0,0.0,0.0,2519.0
08:07:33.500,0.0,0.0,0.0,0.0,2519.0
08:07:33.600,0.0,0.0,0.0,0.0,2519.0
08:07:33.700,0.0,0.0,0.0,0.0,2519.0
08:07:33.800,0.0,0.0,0.0,0.0,2519.0
08:07:33.900,0.0,0.0,0.0,0.0,2519.0
08:07:34.000,0.0,0.0,0.0,0.0,2519.0
08:07:34.100,0.0,0.0,0.0,0.0,2519.0
08:07:34.200,0.0,0.0,0.0,0.0,2519.0
08:07:34.300,0.0,0.0,0.0,0.0,2519.0
08:07:34.400,0.0,0.0,0.0,0.0,2519.0
08:07:34.500,0.0,0.0,0.0,0.0,2519.0
08:07:34.600,0.0,0.0,0.0,0.0,2519.0
08:07:34.700,0.0,0.0,0.0,0.0,2519.0
08:07:34.800,0.0,0.0,0.0,0.0,2519.0
08:07:34.900,0.0,0.0,0.0,0.0,2519.0
08:07:35.000,0.0,0.0,0.0,0.0,2519.0
08:07:35.100,0.0,0.0,0.0,0.0,2519.0
08:07:35.200,0.0,0.0,0.0,0.0,2519.0
08:07:35.300,0.0,0.0,0.0,0.0,2519.0
08:07:35.400,0.0,0.0,0.0,0.0,2519.0
08:07:35.500,0.0,0.0,0.0,0.0,2519.0
08:07:35.600,0.0,0.0,0.0,0.0,2519.0
08:07:35.700,0.0,0.0,0.0,0.0,2519.0
08:07:35.800,0.0,0.0,0.0,0.0,2519.0
08:07:35.900,0.0,0.0,0.0,0.0,2519.0
08:07:36.000,0.0,0.0,0.0,0.0,2519.0
08:07:36.100,0.0,0.0,0.0,0.0,2519.0
08:07:36.200,0.0,0.0,0.0,0.0,2519.0
08:07:36.300,0.0,0.0,0.0,0.0,2519.0
08:07:36.400,0.0,0.0,0.0,0.0,2519.0
08:07:36.500,0.0,0.0,0.0,0.0,2519.0
08:07:36.600,0.0,0.0,0.0,0.0,2519.0
08:07:36.700,0.0,0.0,0.0,0.0,2519.0
08:07:36.800,0.0,0.0,0.0,0.0,2519.0
08:07:36.900,0.0,0.0,0.0,0.0,2519.0
08:07:37.000,0.0,0.0,0.0,0.0,2519.0
08:07:37.100,0.0,0.0,0.0,0.0,2519.0
08:07:37.200,0.0,0.0,0.0,0.0,2519.0
08:07:37.300,0.0,0.0,0.0,0.0,2519.0
08:07:37.400,0.0,0.0,0.0,0.0,2519.0
08:07:37.500,0.0,0.0,0.0,0.0,2519.0
08:07:37.600,0.0,0.0,0.0,0.0,2519.0
08:07:37.700,0.0,0.0,0.0,0.0,2519.0
08:07:37.800,0.0,0.0,0.0,0.0,2519.0
08:07:37.900,0.0,0.0,0.0,0.0,2519.0
08:07:38.000,0.0,0.0,0.0,0.0,2519.0
08:07:38.100,0.0,0.0,0.0,0.0,2519.0
08:07:38.200,0.0,0.0,0.0,0.0,2519.0
08:07:38.300,0.0,0.0,0.0,0.0,2519.0
08:07:38.400,0.0,0.0,0.0,0.0,2519.0
08:07:38.500,0.0,0.0,0.0,0.0,2519.0
08:07:38.600,0.0,0.0,0.0,0.0,2519.0
08:07:38.700,0.0,0.0,0.0,0.0,2519.0
08:07:38.800,0.0,0.0,0.0,0.0,2519.0
08:07:38.900,0.0,0.0,0.0,0.0,2519.0
08:07:39.000,0.0,0.0,0.0,0.0,2519.0
08:07:39.100,0.0,0.0,0.0,0.0,2519.0
08:07:39.200,0.0,0.0,0.0,0.0,2519.0
08:07:39.300,0.0,0.0,0.0,0.0,2519.0
08:07:39.400,0.0,0.0,0.0,0.0,2519.0
08:07:39.500,0.0,0.0,0.0,0.0,2519.0
08:07:39.600,0.0,0.0,0.0,0.0,2519.0
08:07:39.700,0.0,0.0,0.0,0.0,2519.0
08:07:39.800,0.0,0.0,0.0,0.0,2519.0
08:07:39.900,0.0,0.0,0.0,0.0,2519.0
08:07:40.000,0.0,0.0,0.0,0.0,2519.0
08:07:40.100,0.0,0.0,0.0,0.0,2519.0
08:07:40.200,0.0,0.0,0.0,0.0,2519.0
08:07:40.300,0.0,0.0,0.0,0.0,2519.0
08:07:40.400,0.0,0.0,0.0,0.0,2519.0
08:07:40.500,0.0,0.0,0.0,0.0,2519.0
08:07:40.600,0.0,0.0,0.0,0.0,2519.0
08:07:40.700,0.0,0.0,0.0,0.0,2519.0
08:07:40.800,0.0,0.0,0.0,0.0,2519.0
08:07:40.900,0.0,0.0,0.0,0.0,2519.0
08:07:41.000,0.0,0.0,0.0,0.0,2519.0
08:07:41.100,0.0,0.0,0.0,0.0,2519.0
08:07:41.200,0.0,0.0,0.0,0.0,2519.0
08:07:41.300,0.0,0.0,0.0,0.0,2519.0
08:07:41.400,0.0,0.0,0.0,0.0,2519.0
08:07:41.500,0.0,0.0,0.0,0.0,2519.0
08:07:41.600,0.0,0.0,0.0,0.0,2519.0
08:07:41.700,0.0,0.0,0.0,0.0,2519.0
08:07:41.800,0.0,0.0,0.0,0.0,2519.0
08:07:41.900,0.0,0.0,0.0,0.0,2519.0
08:07:42.000,0.0,0.0,0.0,0.0,2519.0
08:07:42.100,0.0,0.0,0.0,0.0,2519.0
08:07:42.200,0.0,0.0,0.0,0.0,2519.0
08:07:42.300,0.0,0.0,0.0,0.0,2519.0
08:07:42.400,0.0,0.0,0.0,0.0,2519.0
08:07:42.500,0.0,0.0,0.0,0.0,2519.0
08:07:42.600,0.0,0.0,0.0,0.0,2519.0
08:07:42.700,0.0,0.0,0.0,0.0,2519.0
08:07:42.800,0.0,0.0,0.0,0.0,2519.0
08:07:42.900,0.0,0.0,0.0,0.0,2519.0
08:07:43.000,0.0,0.0,0.0,0.0,2519.0
08:07:43.100,0.0,0.0,0.0,0.0,2519.0
08:07:43.200,0.0,0.0,0.0,0.0,2519.0
08:07:43.300,0.0,0.0,0.0,0.0,2519.0
08:07:43.400,0.0,0.0,0.0,0.0,2519.0
08:07:43.500,0.0,0.0,0.0,0.0,2519.0
08:07:43.600,0.0,0.0,0.0,0.0,2519.0
08:07:43.700,0.0,0.0,0.0,0.0,2519.0
08:07:43.800,0.0,0.0,0.0,0.0,2519.0
08:07:43.900,0.0,0.0,0.0,0.0,2519.0
08:07:44.000,0.0,0.0,0.0,0.0,2519.0
08:07:44.100,0.0,0.0,0.0,0.0,2519.0
08:07:44.200,0.0,0.0,0.0,0.0,2519.0
08:07:44.300,0.0,0.0,0.0,0.0,2519.0
08:07:44.400,0.0,0.0,0.0,0.0,2519.0
08:07:44.500,0.0,0.0,0.0,0.0,2519.0
08:07:44.600,0.0,0.0,0.0,0.0,2519.0
08:07:44.700,0.0,0.0,0.0,0.0,2519.0
08:07:44.800,0.0,0.0,0.0,0.0,2519.0
08:07:44.900,0.0,0.0,0.0,0.0,2519.0
08:07:45.000,0.0,0.0,0.0,0.0,2519.0
08:07:45.100,0.0,0.0,0.0,0.0,2519.0
08:07:45.200,0.0,0.0,0.0,0.0,2519.0
08:07:45.300,0.0,0.0,0.0,0.0,2519.0
08:07:45.400,0.0,0.0,0.0,0.0,2519.0
08:07:45.500,0.0,0.0,0.0,0.0,2519.0
08:07:45.600,0.0,0.0,0.0,0.0,2519.0
08:07:45.700,0.0,0.0,0.0,0.0,2519.0
08:07:45.800,0.0,0.0,0.0,0.0,2519.0
08:07:45.900,0.0,0.0,0.0,0.0,2519.0
08:07:46.000,0.0,0.0,0.0,0.0,2519.0
08:07:46.100,0.0,0.0,0.0,0.0,2519.0
08:07:46.200,0.0,0.0,0.0,0.0,2519.0
08:07:46.300,0.0,0.0,0.0,0.0,2519.0
08:07:46.400,0.0,0.0,0.0,0.0,2519.0
08:07:46.500,0.0,0.0,0.0,0.0,2519.0
08:07:46.600,0.0,0.0,0.0,0.0,2519.0
08:07:46.700,0.0,0.0,0.0,0.0,2519.0
08:07:46.800,0.0,0.0,0.0,0.0,2519.0
08:07:46.900,0.0,0.0,0.0,0.0,2519.0
08:07:47.000,0.0,0.0,0.0,0.0,2519.0
08:07:47.100,0.0,0.0,0.0,0.0,2519.0
08:07:47.200,0.0,0.0,0.0,0.0,2519.0
08:07:47.300,0.0,0.0,0.0,0.0,2519.0
08:07:47.400,0.0,0.0,0.0,0.0,2519.0
08:07:47.500,0.0,0.0,0.0,0.0,2519.0
08:07:47.600,0.0,0.0,0.0,0.0,2519.0
08:07:47.700,0.0,0.0,0.0,0.0,2519.0
08:07:47.800,0.0,0.0,0.0,0.0,2519.0
08:07:47.900,0.0,0.0,0.0,0.0,2519.0
08:07:48.000,0.0,0.0,0.0,0.0,2519.0
08:07:48.100,0.0,0.0,0.0,0.0,2519.0
08:07:48.200,0.0,0.0,0.0,0.0,2519.0
08:07:48.300,0.0,0.0,0.0,0.0,2519.0
08:07:48.400,0.0,0.0,0.0,0.0,2519.0
08:07:48.500,0.0,0.0,0.0,0.0,2519.0
08:07:48.600,0.0,0.0,0.0,0.0,2519.0
08:07:48.700,0.0,0.0,0.0,0.0,2519.0
08:07:48.800,0.0,0.0,0.0,0.0,2519.0
08:07:48.900,0.0,0.0,0.0,0.0,2519.0
08:07:49.000,0.0,0.0,0.0,0.0,2519.0
08:07:49.100,0.0,0.0,0.0,0.0,2519.0
08:07:49.200,0.0,0.0,0.0,0.0,2519.0
08:07:49.300,0.0,0.0,0.0,0.0,2519.0
08:07:49.400,0.0,0.0,0.0,0.0,2519.0
08:07:49.500,0.0,0.0,0.0,0.0,2519.0
08:07:49.600,0.0,0.0,0.0,0.0,2519.0
08:07:49.700,0.0,0.0,0.0,0.0,2519.0
08:07:49.800,0.0,0.0,0.0,0.0,2519.0
08:07:49.900,0.0,0.0,0.0,0.0,2519.0
08:07:50.000,0.0,0.0,0.0,0.0,2519.0
08:07:50.100,0.0,0.0,0.0,0.0,2519.0
08:07:50.200,0.0,0.0,0.0,0.0,2519.0
08:07:50.300,0.0,0.0,0.0,0.0,2519.0
08:07:50.400,0.0,0.0,0.0,0.0,2519.0
08:07:50.500,0.0,0.0,0.0,0.0,2519.0
08:07:50.600,0.0,0.0,0.0,0.0,2519.0
08:07:50.700,0.0,0.0,0.0,0.0,2519.0
08:07:50.800,0.0,0.0,0.0,0.0,2519.0
08:07:50.900,0.0,0.0,0.0,0.0,2519.0
08:07:51.000,0.0,0.0,0.0,0.0,2519.0
08:07:51.100,0.0,0.0,0.0,0.0,2519.0
08:07:51.200,0.0,0.0,0.0,0.0,2519.0
08:07:51.300,0.0,0.0,0.0,0.0,2519.0
08:07:51.400,0.0,0.0,0.0,0.0,2519.0
08:07:51.500,0.0,0.0,0.0,0.0,2519.0
08:07:51.600,0.0,0.0,0.0,0.0,2519.0
08:07:51.700,0.0,0.0,0.0,0.0,2519.0
08:07:51.800,0.0,0.0,0.0,0.0,2519.0
08:07:51.900,0.0,0.0,0.0,0.0,2519.0
08:07:52.000,0.0,0.0,0.0,0.0,2519.0
08:07:52.100,0.0,0.0,0.0,0.0,2519.0
08:07:52.200,0.0,0.0,0.0,0.0,2519.0
08:07:52.300,0.0,0.0,0.0,0.0,2519.0
08:07:52.400,0.0,0.0,0.0,0.0,2519.0
08:07:52.500,0.0,0.0,0.0,0.0,2519.0
08:07:52.600,0.0,0.0,0.0,0.0,2519.0
08:07:52.700,0.0,0.0,0.0,0.0,2519.0
08:07:52.800,0.0,0.0,0.0,0.0,2519.0
08:07:52.900,0.0,0.0,0.0,0.0,2519.0
08:07:53.000,0.0,0.0,0.0,0.0,2519.0
08:07:53.100,0.0,0.0,0.0,0.0,2519.0
08:07:53.200,0.0,0.0,0.0,0.0,2519.0
08:07:53.300,0.0,0.0,0.0,0.0,2519.0
08:07:53.400,0.0,0.0,0.0,0.0,2519.0
08:07:53.500,0.0,0.0,0.0,0.0,2519.0
08:07:53.600,0.0,0.0,0.0,0.0,2519.0
08:07:53.700,0.0,0.0,0.0,0.0,2519.0
08:07:53.800,0.0,0.0,0.0,0.0,2519.0
08:07:53.900,0.0,0.0,0.0,0.0,2519.0
08:07:54.000,0.0,0.0,0.0,0.0,2519.0
08:07:54.100,0.0,0.0,0.0,0.0,2519.0
08:07:54.200,0.0,0.0,0.0,0.0,2519.0
08:07:54.300,0.0,0.0,0.0,0.0,2519.0
08:07:54.400,0.0,0.0,0.0,0.0,2519.0
08:07:54.500,0.0,0.0,0.0,0.0,2519.0
08:07:54.600,0.0,0.0,0.0,0.0,2519.0
08:07:54.700,0.0,0.0,0.0,0.0,2519.0
08:07:54.800,0.0,0.0,0.0,0.0,2519.0
08:07:54.900,0.0,0.0,0.0,0.0,2519.0
08:07:55.000,0.0,0.0,0.0,0.0,2519.0
08:07:55.100,0.0,0.0,0.0,0.0,2519.0
08:07:55.200,0.0,0.0,0.0,0.0,2519.0
08:07:55.300,0.0,0.0,0.0,0.0,2519.0
08:07:55.400,0.0,0.0,0.0,0.0,2519.0
08:07:55.500,0.0,0.0,0.0,0.0,2519.0
08:07:55.600,0.0,0.0,0.0,0.0,2519.0
08:07:55.700,0.0,0.0,0.0,0.0,2519.0
08:07:55.800,0.0,0.0,0.0,0.0,2519.0
08:07:55.900,0.0,0.0,0.0,0.0,2519.0
08:07:56.000,0.0,0.0,0.0,0.0,2519.0
08:07:56.100,0.0,0.0,0.0,0.0,2519.0
08:07:56.200,0.0,0.0,0.0,0.0,2519.0
08:07:56.300,0.0,0.0,0.0,0.0,2519.0
08:07:56.400,0.0,0.0,0.0,0.0,2519.0
08:07:56.500,0.0,0.0,0.0,0.0,2519.0
08:07:56.600,0.0,0.0,0.0,0.0,2519.0
08:07:56.700,0.0,0.0,0.0,0.0,2519.0
08:07:56.800,0.0,0.0,0.0,0.0,2519.0
08:07:56.900,0.0,0.0,0.0,0.0,2519.0
08:07:57.000,0.0,0.0,0.0,0.0,2519.0
08:07:57.100,0.0,0.0,0.0,0.0,2519.0
08:07:57.200,0.0,0.0,0.0,0.0,2519.0
08:07:57.300,0.0,0.0,0.0,0.0,2519.0
08:07:57.400,0.0,0.0,0.0,0.0,2519.0
08:07:57.500,0.0,0.0,0.0,0.0,2519.0
08:07:57.600,0.0,0.0,0.0,0.0,2519.0
08:07:57.700,0.0,0.0,0.0,0.0,2519.0
08:07:57.800,0.0,0.0,0.0,0.0,2519.0
08:07:57.900,0.0,0.0,0.0,0.0,2519.0
08:07:58.000,0.0,0.0,0.0,0.0,2519.0
08:07:58.100,0.0,0.0,0.0,0.0,2519.0
08:07:58.200,0.0,0.0,0.0,0.0,2519.0
08:07:58.300,0.0,0.0,0.0,0.0,2519.0
08:07:58.400,0.0,0.0,0.0,0.0,2519.0
08:07:58.500,0.0,0.0,0.0,0.0,2519.0
08:07:58.600,0.0,0.0,0.0,0.0,2519.0
08:07:58.700,0.0,0.0,0.0,0.0,2519.0
08:07:58.800,0.0,0.0,0.0,0.0,2519.0
08:07:58.900,0.0,0.0,0.0,0.0,2519.0
08:07:59.000,0.0,0.0,0.0,0.0,2519.0
08:07:59.100,0.0,0.0,0.0,0.0,2519.0
08:07:59.200,0.0,0.0,0.0,0.0,2519.0
08:07:59.300,0.0,0.0,0.0,0.0,2519.0
08:07:59.400,0.0,0.0,0.0,0.0,2519.0
08:07:59.500,0.0,0.0,0.0,0.0,2519.0
08:07:59.600,0.0,0.0,0.0,0.0,2519.0
08:07:59.700,0.0,0.0,0.0,0.0,2519.0
08:07:59.800,0.0,0.0,0.0,0.0,2519.0
08:07:59.900,0.0,0.0,0.0,0.0,2519.0
08:08:00.000,0.0,0.0,0.0,0.0,2519.0
08:08:00.100,0.0,0.0,0.0,0.0,2519.0
08:08:00.200,0.0,0.0,0.0,0.0,2519.0
08:08:00.300,0.0,0.0,0.0,0.0,2519.0
08:08:00.400,0.0,0.0,0.0,0.0,2519.0
08:08:00.500,0.0,0.0,0.0,0.0,2519.0
08:08:00.600,0.0,0.0,0.0,0.0,2519.0
08:08:00.700,0.0,0.0,0.0,0.0,2519.0
08:08:00.800,0.0,0.0,0.0,0.0,2519.0
08:08:00.900,0.0,0.0,0.0,0.0,2519.0
08:08:01.000,0.0,0.0,0.0,0.0,2519.0
08:08:01.100,0.0,0.0,0.0,0.0,2519.0
08:08:01.200,0.0,0.0,0.0,0.0,2519.0
08:08:01.300,0.0,0.0,0.0,0.0,2519.0
08:08:01.400,0.0,0.0,0.0,0.0,2519.0
08:08:01.500,0.0,0.0,0.0,0.0,2519.0
08:08:01.600,0.0,0.0,0.0,0.0,2519.0
08:08:01.700,0.0,0.0,0.0,0.0,2519.0
08:08:01.800,0.0,0.0,0.0,0.0,2519.0
08:08:01.900,0.0,0.0,0.0,0.0,2519.0
08:08:02.000,0.0,0.0,0.0,0.0,2519.0
08:08:02.100,0.0,0.0,0.0,0.0,2519.0
08:08:02.200,0.0,0.0,0.0,0.0,2519.0
08:08:02.300,0.0,0.0,0.0,0.0,2519.0
08:08:02.400,0.0,0.0,0.0,0.0,2519.0
08:08:02.500,0.0,0.0,0.0,0.0,2519.0
08:08:02.600,0.0,0.0,0.0,0.0,2519.0
08:08:02.700,0.0,0.0,0.0,0.0,2519.0
08:08:02.800,0.0,0.0,0.0,0.0,2519.0
08:08:02.900,0.0,0.0,0.0,0.0,2519.0
08:08:03.000,0.0,0.0,0.0,0.0,2519.0
08:08:03.100,0.0,0.0,0.0,0.0,2519.0
08:08:03.200,0.0,0.0,0.0,0.0,2519.0
08:08:03.300,0.0,0.0,0.0,0.0,2519.0
08:08:03.400,0.0,0.0,0.0,0.0,2519.0
08:08:03.500,0.0,0.0,0.0,0.0,2519.0
08:08:03.600,0.0,0.0,0.0,0.0,2519.0
08:08:03.700,0.0,0.0,0.0,0.0,2519.0
08:08:03.800,0.0,0.0,0.0,0.0,2519.0
08:08:03.900,0.0,0.0,0.0,0.0,2519.0
08:08:04.000,0.0,0.0,0.0,0.0,2519.0
08:08:04.100,0.0,0.0,0.0,0.0,2519.0
08:08:04.200,0.0,0.0,0.0,0.0,2519.0
08:08:04.300,0.0,0.0,0.0,0.0,2519.0
08:08:04.400,0.0,0.0,0.0,0.0,2519.0
08:08:04.500,0.0,0.0,0.0,0.0,2519.0
08:08:04.600,0.0,0.0,0.0,0.0,2519.0
08:08:04.700,0.0,0.0,0.0,0.0,2519.0
08:08:04.800,0.0,0.0,0.0,0.0,2519.0
08:08:04.900,0.0,0.0,0.0,0.0,2519.0
08:08:05.000,0.0,0.0,0.0,0.0,2519.0
08:08:05.100,0.0,0.0,0.0,0.0,2519.0
08:08:05.200,0.0,0.0,0.0,0.0,2519.0
08:08:05.300,0.0,0.0,0.0,0.0,2519.0
08:08:05.400,0.0,0.0,0.0,0.0,2519.0
08:08:05.500,0.0,0.0,0.0,0.0,2519.0
08:08:05.600,0.0,0.0,0.0,0.0,2519.0
08:08:05.700,0.0,0.0,0.0,0.0,2519.0
08:08:05.800,0.0,0.0,0.0,0.0,2519.0
08:08:05.900,0.0,0.0,0.0,0.0,2519.0
08:08:06.000,0.0,0.0,0.0,0.0,2519.0
08:08:06.100,0.0,0.0,0.0,0.0,2519.0
08:08:06.200,0.0,0.0,0.0,0.0,2519.0
08:08:06.300,0.0,0.0,0.0,0.0,2519.0
08:08:06.400,0.0,0.0,0.0,0.0,2519.0
08:08:06.500,0.0,0.0,0.0,0.0,2519.0
08:08:06.600,0.0,0.0,0.0,0.0,2519.0
08:08:06.700,0.0,0.0,0.0,0.0,2519.0
08:08:06.800,0.0,0.0,0.0,0.0,2519.0
08:08:06.900,0.0,0.0,0.0,0.0,2519.0
08:08:07.000,0.0,0.0,0.0,0.0,2519.0
08:08:07.100,0.0,0.0,0.0,0.0,2519.0
08:08:07.200,0.0,0.0,0.0,0.0,2519.0
08:08:07.300,0.0,0.0,0.0,0.0,2519.0
08:08:07.400,0.0,0.0,0.0,0.0,2519.0
08:08:07.500,0.0,0.0,0.0,0.0,2519.0
08:08:07.600,0.0,0.0,0.0,0.0,2519.0
08:08:07.700,0.0,0.0,0.0,0.0,2519.0
08:08:07.800,0.0,0.0,0.0,0.0,2519.0
08:08:07.900,0.0,0.0,0.0,0.0,2519.0
08:08:08.000,0.0,0.0,0.0,0.0,2519.0
08:08:08.100,0.0,0.0,0.0,0.0,2519.0
08:08:08.200,0.0,0.0,0.0,0.0,2519.0
08:08:08.300,0.0,0.0,0.0,0.0,2519.0
08:08:08.400,0.0,0.0,0.0,0.0,2519.0
08:08:08.500,0.0,0.0,0.0,0.0,2519.0
08:08:08.600,0.0,0.0,0.0,0.0,2519.0
08:08:08.700,0.0,0.0,0.0,0.0,2519.0
08:08:08.800,0.0,0.0,0.0,0.0,2519.0
08:08:08.900,0.0,0.0,0.0,0.0,2519.0
08:08:09.000,0.0,0.0,0.0,0.0,2519.0
08:08:09.100,0.0,0.0,0.0,0.0,2519.0
08:08:09.200,0.0,0.0,0.0,0.0,2519.0
08:08:09.300,0.0,0.0,0.0,0.0,2519.0
08:08:09.400,0.0,0.0,0.0,0.0,2519.0
08:08:09.500,0.0,0.0,0.0,0.0,2519.0
08:08:09.600,0.0,0.0,0.0,0.0,2519.0
08:08:09.700,0.0,0.0,0.0,0.0,2519.0
08:08:09.800,0.0,0.0,0.0,0.0,2519.0
08:08:09.900,0.0,0.0,0.0,0.0,2519.0
08:08:10.000,0.0,0.0,0.0,0.0,2519.0
08:08:10.100,0.0,0.0,0.0,0.0,2519.0
08:08:10.200,0.0,0.0,0.0,0.0,2519.0
08:08:10.300,0.0,0.0,0.0,0.0,2519.0
08:08:10.400,0.0,0.0,0.0,0.0,2519.0
08:08:10.500,0.0,0.0,0.0,0.0,2519.0
08:08:10.600,0.0,0.0,0.0,0.0,2519.0
08:08:10.700,0.0,0.0,0.0,0.0,2519.0
08:08:10.800,0.0,0.0,0.0,0.0,2519.0
08:08:10.900,0.0,0.0,0.0,0.0,2519.0
08:08:11.000,0.0,0.0,0.0,0.0,2519.0
08:08:11.100,0.0,0.0,0.0,0.0,2519.0
08:08:11.200,0.0,0.0,0.0,0.0,2519.0
08:08:11.300,0.0,0.0,0.0,0.0,2519.0
08:08:11.400,0.0,0.0,0.0,0.0,2519.0
08:08:11.500,0.0,0.0,0.0,0.0,2519.0
08:08:11.600,0.0,0.0,0.0,0.0,2519.0
08:08:11.700,0.0,0.0,0.0,0.0,2519.0
08:08:11.800,0.0,0.0,0.0,0.0,2519.0
08:08:11.900,0.0,0.0,0.0,0.0,2519.0
08:08:12.000,0.0,0.0,0.0,0.0,2519.0
08:08:12.100,0.0,0.0,0.0,0.0,2519.0
08:08:12.200,0.0,0.0,0.0,0.0,2519.0
08:08:12.300,0.0,0.0,0.0,0.0,2519.0
08:08:12.400,0.0,0.0,0.0,0.0,2519.0
08:08:12.500,0.0,0.0,0.0,0.0,2519.0
08:08:12.600,0.0,0.0,0.0,0.0,2519.0
08:08:12.700,0.0,0.0,0.0,0.0,2519.0
08:08:12.800,0.0,0.0,0.0,0.0,2519.0
08:08:12.900,0.0,0.0,0.0,0.0,2519.0
08:08:13.000,0.0,0.0,0.0,0.0,2519.0
08:08:13.100,0.0,0.0,0.0,0.0,2519.0
08:08:13.200,0.0,0.0,0.0,0.0,2519.0
08:08:13.300,0.0,0.0,0.0,0.0,2519.0
08:08:13.400,0.0,0.0,0.0,0.0,2519.0
08:08:13.500,0.0,0.0,0.0,0.0,2519.0
08:08:13.600,0.0,0.0,0.0,0.0,2519.0
08:08:13.700,0.0,0.0,0.0,0.0,2519.0
08:08:13.800,0.0,0.0,0.0,0.0,2519.0
08:08:13.900,0.0,0.0,0.0,0.0,2519.0
08:08:14.000,0.0,0.0,0.0,0.0,2519.0
08:08:14.100,0.0,0.0,0.0,0.0,2519.0
08:08:14.200,0.0,0.0,0.0,0.0,2519.0
08:08:14.300,0.0,0.0,0.0,0.0,2519.0
08:08:14.400,0.0,0.0,0.0,0.0,2519.0
08:08:14.500,0.0,0.0,0.0,0.0,2519.0
08:08:14.600,0.0,0.0,0.0,0.0,2519.0
08:08:14.700,0.0,0.0,0.0,0.0,2519.0
08:08:14.800,0.0,0.0,0.0,0.0,2519.0
08:08:14.900,0.0,0.0,0.0,0.0,2519.0
08:08:15.000,0.0,0.0,0.0,0.0,2519.0
08:08:15.100,0.0,0.0,0.0,0.0,2519.0
08:08:15.200,0.0,0.0,0.0,0.0,2519.0
08:08:15.300,0.0,0.0,0.0,0.0,2519.0
08:08:15.400,0.0,0.0,0.0,0.0,2519.0
08:08:15.500,0.0,0.0,0.0,0.0,2519.0
08:08:15.600,0.0,0.0,0.0,0.0,2519.0
08:08:15.700,0.0,0.0,0.0,0.0,2519.0
08:08:15.800,0.0,0.0,0.0,0.0,2519.0
08:08:15.900,0.0,0.0,0.0,0.0,2519.0
08:08:16.000,0.0,0.0,0.0,0.0,2519.0
08:08:16.100,0.0,0.0,0.0,0.0,2519.0
08:08:16.200,0.0,0.0,0.0,0.0,2519.0
08:08:16.300,0.0,0.0,0.0,0.0,2519.0
08:08:16.400,0.0,0.0,0.0,0.0,2519.0
08:08:16.500,0.0,0.0,0.0,0.0,2519.0
08:08:16.600,0.0,0.0,0.0,0.0,2519.0
08:08:16.700,0.0,0.0,0.0,0.0,2519.0
08:08:16.800,0.0,0.0,0.0,0.0,2519.0
08:08:16.900,0.0,0.0,0.0,0.0,2519.0
08:08:17.000,0.0,0.0,0.0,0.0,2519.0
08:08:17.100,0.0,0.0,0.0,0.0,2519.0
08:08:17.200,0.0,0.0,0.0,0.0,2519.0
08:08:17.300,0.0,0.0,0.0,0.0,2519.0
08:08:17.400,0.0,0.0,0.0,0.0,2519.0
08:08:17.500,0.0,0.0,0.0,0.0,2519.0
08:08:17.600,0.0,0.0,0.0,0.0,2519.0
08:08:17.700,0.0,0.0,0.0,0.0,2519.0
08:08:17.800,0.0,0.0,0.0,0.0,2519.0
08:08:17.900,0.0,0.0,0.0,0.0,2519.0
08:08:18.000,0.0,0.0,0.0,0.0,2519.0
08:08:18.100,0.0,0.0,0.0,0.0,2519.0
08:08:18.200,0.0,0.0,0.0,0.0,2519.0
08:08:18.300,0.0,0.0,0.0,0.0,2519.0
08:08:18.400,0.0,0.0,0.0,0.0,2519.0
08:08:18.500,0.0,0.0,0.0,0.0,2519.0
08:08:18.600,0.0,0.0,0.0,0.0,2519.0
08:08:18.700,0.0,0.0,0.0,0.0,2519.0
08:08:18.800,0.0,0.0,0.0,0.0,2519.0
08:08:18.900,0.0,0.0,0.0,0.0,2519.0
08:08:19.000,0.0,0.0,0.0,0.0,2519.0
08:08:19.100,0.0,0.0,0.0,0.0,2519.0
08:08:19.200,0.0,0.0,0.0,0.0,2519.0
08:08:19.300,0.0,0.0,0.0,0.0,2519.0
08:08:19.400,0.0,0.0,0.0,0.0,2519.0
08:08:19.500,0.0,0.0,0.0,0.0,2519.0
08:08:19.600,0.0,0.0,0.0,0.0,2519.0
08:08:19.700,0.0,0.0,0.0,0.0,2519.0
08:08:19.800,0.0,0.0,0.0,0.0,2519.0
08:08:19.900,0.0,0.0,0.0,0.0,2519.0
08:08:20.000,0.0,0.0,0.0,0.0,2519.0
08:08:20.100,0.0,0.0,0.0,0.0,2519.0
08:08:20.200,0.0,0.0,0.0,0.0,2519.0
08:08:20.300,0.0,0.0,0.0,0.0,2519.0
08:08:20.400,0.0,0.0,0.0,0.0,2519.0
08:08:20.500,0.0,0.0,0.0,0.0,2519.0
08:08:20.600,0.0,0.0,0.0,0.0,2519.0
08:08:20.700,0.0,0.0,0.0,0.0,2519.0
08:08:20.800,0.0,0.0,0.0,0.0,2519.0
08:08:20.900,0.0,0.0,0.0,0.0,2519.0
08:08:21.000,0.0,0.0,0.0,0.0,2519.0
08:08:21.100,0.0,0.0,0.0,0.0,2519.0
08:08:21.200,0.0,0.0,0.0,0.0,2519.0
08:08:21.300,0.0,0.0,0.0,0.0,2519.0
08:08:21.400,0.0,0.0,0.0,0.0,2519.0
08:08:21.500,0.0,0.0,0.0,0.0,2519.0
08:08:21.600,0.0,0.0,0.0,0.0,2519.0
08:08:21.700,0.0,0.0,0.0,0.0,2519.0
08:08:21.800,0.0,0.0,0.0,0.0,2519.0
08:08:21.900,0.0,0.0,0.0,0.0,2519.0
08:08:22.000,0.0,0.0,0.0,0.0,2519.0
08:08:22.100,0.0,0.0,0.0,0.0,2519.0
08:08:22.200,0.0,0.0,0.0,0.0,2519.0
08:08:22.300,0.0,0.0,0.0,0.0,2519.0
08:08:22.400,0.0,0.0,0.0,0.0,2519.0
08:08:22.500,0.0,0.0,0.0,0.0,2519.0
08:08:22.600,0.0,0.0,0.0,0.0,2519.0
08:08:22.700,0.0,0.0,0.0,0.0,2519.0
08:08:22.800,0.0,0.0,0.0,0.0,2519.0
08:08:22.900,0.0,0.0,0.0,0.0,2519.0
08:08:23.000,0.0,0.0,0.0,0.0,2519.0
08:08:23.100,0.0,0.0,0.0,0.0,2519.0
08:08:23.200,0.0,0.0,0.0,0.0,2519.0
08:08:23.300,0.0,0.0,0.0,0.0,2519.0
08:08:23.400,0.0,0.0,0.0,0.0,2519.0
08:08:23.500,0.0,0.0,0.0,0.0,2519.0
08:08:23.600,0.0,0.0,0.0,0.0,2519.0
08:08:23.700,0.0,0.0,0.0,0.0,2519.0
08:08:23.800,0.0,0.0,0.0,0.0,2519.0
08:08:23.900,0.0,0.0,0.0,0.0,2519.0
08:08:24.000,0.0,0.0,0.0,0.0,2519.0
08:08:24.100,0.0,0.0,0.0,0.0,2519.0
08:08:24.200,0.0,0.0,0.0,0.0,2519.0
08:08:24.300,0.0,0.0,0.0,0.0,2519.0
08:08:24.400,0.0,0.0,0.0,0.0,2519.0
08:08:24.500,0.0,0.0,0.0,0.0,2519.0
08:08:24.600,0.0,0.0,0.0,0.0,2519.0
08:08:24.700,0.0,0.0,0.0,0.0,2519.0
08:08:24.800,0.0,0.0,0.0,0.0,2519.0
08:08:24.900,0.0,0.0,0.0,0.0,2519.0
08:08:25.000,0.0,0.0,0.0,0.0,2519.0
08:08:25.100,0.0,0.0,0.0,0.0,2519.0
08:08:25.200,0.0,0.0,0.0,0.0,2519.0
08:08:25.300,0.0,0.0,0.0,0.0,2519.0
08:08:25.400,0.0,0.0,0.0,0.0,2519.0
08:08:25.500,0.0,0.0,0.0,0.0,2519.0
08:08:25.600,0.0,0.0,0.0,0.0,2519.0
08:08:25.700,0.0,0.0,0.0,0.0,2519.0
08:08:25.800,0.0,0.0,0.0,0.0,2519.0
08:08:25.900,0.0,0.0,0.0,0.0,2519.0
08:08:26.000,0.0,0.0,0.0,0.0,2519.0
08:08:26.100,0.0,0.0,0.0,0.0,2519.0
08:08:26.200,0.0,0.0,0.0,0.0,2519.0
08:08:26.300,0.0,0.0,0.0,0.0,2519.0
08:08:26.400,0.0,0.0,0.0,0.0,2519.0
08:08:26.500,0.0,0.0,0.0,0.0,2519.0
08:08:26.600,0.0,0.0,0.0,0.0,2519.0
08:08:26.700,0.0,0.0,0.0,0.0,2519.0
08:08:26.800,0.0,0.0,0.0,0.0,2519.0
08:08:26.900,0.0,0.0,0.0,0.0,2519.0
08:08:27.000,0.0,0.0,0.0,0.0,2519.0
08:08:27.100,0.0,0.0,0.0,0.0,2519.0
08:08:27.200,0.0,0.0,0.0,0.0,2519.0
08:08:27.300,0.0,0.0,0.0,0.0,2519.0
08:08:27.400,0.0,0.0,0.0,0.0,2519.0
08:08:27.500,0.0,0.0,0.0,0.0,2519.0
08:08:27.600,0.0,0.0,0.0,0.0,2519.0
08:08:27.700,0.0,0.0,0.0,0.0,2519.0
08:08:27.800,0.0,0.0,0.0,0.0,2519.0
08:08:27.900,0.0,0.0,0.0,0.0,2519.0
08:08:28.000,0.0,0.0,0.0,0.0,2519.0
08:08:28.100,0.0,0.0,0.0,0.0,2519.0
08:08:28.200,0.0,0.0,0.0,0.0,2519.0
08:08:28.300,0.0,0.0,0.0,0.0,2519.0
08:08:28.400,0.0,0.0,0.0,0.0,2519.0
08:08:28.500,0.0,0.0,0.0,0.0,2519.0
08:08:28.600,0.0,0.0,0.0,0.0,2519.0
08:08:28.700,0.0,0.0,0.0,0.0,2519.0
08:08:28.800,0.0,0.0,0.0,0.0,2519.0
08:08:28.900,0.0,0.0,0.0,0.0,2519.0
08:08:29.000,0.0,0.0,0.0,0.0,2519.0
08:08:29.100,0.0,0.0,0.0,0.0,2519.0
08:08:29.200,0.0,0.0,0.0,0.0,2519.0
08:08:29.300,0.0,0.0,0.0,0.0,2519.0
08:08:29.400,0.0,0.0,0.0,0.0,2519.0
08:08:29.500,0.0,0.0,0.0,0.0,2519.0
08:08:29.600,0.0,0.0,0.0,0.0,2519.0
08:08:29.700,0.0,0.0,0.0,0.0,2519.0
08:08:29.800,0.0,0.0,0.0,0.0,2519.0
08:08:29.900,0.0,0.0,0.0,0.0,2519.0
08:08:30.000,0.0,0.0,0.0,0.0,2519.0
08:08:30.100,0.0,0.0,0.0,0.0,2519.0
08:08:30.200,0.0,0.0,0.0,0.0,2519.0
08:08:30.300,0.0,0.0,0.0,0.0,2519.0
08:08:30.400,0.0,0.0,0.0,0.0,2519.0
08:08:30.500,0.0,0.0,0.0,0.0,2519.0
08:08:30.600,0.0,0.0,0.0,0.0,2519.0
08:08:30.700,0.0,0.0,0.0,0.0,2519.0
08:08:30.800,0.0,0.0,0.0,0.0,2519.0
08:08:30.900,0.0,0.0,0.0,0.0,2519.0
08:08:31.000,0.0,0.0,0.0,0.0,2519.0
08:08:31.100,0.0,0.0,0.0,0.0,2519.0
08:08:31.200,0.0,0.0,0.0,0.0,2519.0
08:08:31.300,0.0,0.0,0.0,0.0,2519.0
08:08:31.400,0.0,0.0,0.0,0.0,2519.0
08:08:31.500,0.0,0.0,0.0,0.0,2519.0
08:08:31.600,0.0,0.0,0.0,0.0,2519.0
08:08:31.700,0.0,0.0,0.0,0.0,2519.0
08:08:31.800,0.0,0.0,0.0,0.0,2519.0
08:08:31.900,0.0,0.0,0.0,0.0,2519.0
08:08:32.000,0.0,0.0,0.0,0.0,2519.0
08:08:32.100,0.0,0.0,0.0,0.0,2519.0
08:08:32.200,0.0,0.0,0.0,0.0,2519.0
08:08:32.300,0.0,0.0,0.0,0.0,2519.0
08:08:32.400,0.0,0.0,0.0,0.0,2519.0
08:08:32.500,0.0,0.0,0.0,0.0,2519.0
08:08:32.600,0.0,0.0,0.0,0.0,2519.0
08:08:32.700,0.0,0.0,0.0,0.0,2519.0
08:08:32.800,0.0,0.0,0.0,0.0,2519.0
08:08:32.900,0.0,0.0,0.0,0.0,2519.0
08:08:33.000,0.0,0.0,0.0,0.0,2519.0
08:08:33.100,0.0,0.0,0.0,0.0,2519.0
08:08:33.200,0.0,0.0,0.0,0.0,2519.0
08:08:33.300,0.0,0.0,0.0,0.0,2519.0
08:08:33.400,0.0,0.0,0.0,0.0,2519.0
08:08:33.500,0.0,0.0,0.0,0.0,2519.0
08:08:33.600,0.0,0.0,0.0,0.0,2519.0
08:08:33.700,0.0,0.0,0.0,0.0,2519.0
08:08:33.800,0.0,0.0,0.0,0.0,2519.0
08:08:33.900,0.0,0.0,0.0,0.0,2519.0
08:08:34.000,0.0,0.0,0.0,0.0,2519.0
08:08:34.100,0.0,0.0,0.0,0.0,2519.0
08:08:34.200,0.0,0.0,0.0,0.0,2519.0
08:08:34.300,0.0,0.0,0.0,0.0,2519.0
08:08:34.400,0.0,0.0,0.0,0.0,2519.0
08:08:34.500,0.0,0.0,0.0,0.0,2519.0
08:08:34.600,0.0,0.0,0.0,0.0,2519.0
08:08:34.700,0.0,0.0,0.0,0.0,2519.0
08:08:34.800,0.0,0.0,0.0,0.0,2519.0
08:08:34.900,0.0,0.0,0.0,0.0,2519.0
08:08:35.000,0.0,0.0,0.0,0.0,2519.0
08:08:35.100,0.0,0.0,0.0,0.0,2519.0
08:08:35.200,0.0,0.0,0.0,0.0,2519.0
08:08:35.300,0.0,0.0,0.0,0.0,2519.0
08:08:35.400,0.0,0.0,0.0,0.0,2519.0
08:08:35.500,0.0,0.0,0.0,0.0,2519.0
08:08:35.600,0.0,0.0,0.0,0.0,2519.0
08:08:35.700,0.0,0.0,0.0,0.0,2519.0
08:08:35.800,0.0,0.0,0.0,0.0,2519.0
08:08:35.900,0.0,0.0,0.0,0.0,2519.0
08:08:36.000,0.0,0.0,0.0,0.0,2519.0
08:08:36.100,0.0,0.0,0.0,0.0,2519.0
08:08:36.200,0.0,0.0,0.0,0.0,2519.0
08:08:36.300,0.0,0.0,0.0,0.0,2519.0
08:08:36.400,0.0,0.0,0.0,0.0,2519.0
08:08:36.500,0.0,0.0,0.0,0.0,2519.0
08:08:36.600,0.0,0.0,0.0,0.0,2519.0
08:08:36.700,0.0,0.0,0.0,0.0,2519.0
08:08:36.800,0.0,0.0,0.0,0.0,2519.0
08:08:36.900,0.0,0.0,0.0,0.0,2519.0
08:08:37.000,0.0,0.0,0.0,0.0,2519.0
08:08:37.100,0.0,0.0,0.0,0.0,2519.0
08:08:37.200,0.0,0.0,0.0,0.0,2519.0
08:08:37.300,0.0,0.0,0.0,0.0,2519.0
08:08:37.400,0.0,0.0,0.0,0.0,2519.0
08:08:37.500,0.0,0.0,0.0,0.0,2519.0
08:08:37.600,0.0,0.0,0.0,0.0,2519.0
08:08:37.700,0.0,0.0,0.0,0.0,2519.0
08:08:37.800,0.0,0.0,0.0,0.0,2519.0
08:08:37.900,0.0,0.0,0.0,0.0,2519.0
08:08:38.000,0.0,0.0,0.0,0.0,2519.0
08:08:38.100,0.0,0.0,0.0,0.0,2519.0
08:08:38.200,0.0,0.0,0.0,0.0,2519.0
08:08:38.300,0.0,0.0,0.0,0.0,2519.0
08:08:38.400,0.0,0.0,0.0,0.0,2519.0
08:08:38.500,0.0,0.0,0.0,0.0,2519.0
08:08:38.600,0.0,0.0,0.0,0.0,2519.0
08:08:38.700,0.0,0.0,0.0,0.0,2519.0
08:08:38.800,0.0,0.0,0.0,0.0,2519.0
08:08:38.900,0.0,0.0,0.0,0.0,2519.0
08:08:39.000,0.0,0.0,0.0,0.0,2519.0
08:08:39.100,0.0,0.0,0.0,0.0,2519.0
08:08:39.200,0.0,0.0,0.0,0.0,2519.0
08:08:39.300,0.0,0.0,0.0,0.0,2519.0
08:08:39.400,0.0,0.0,0.0,0.0,2519.0
08:08:39.500,0.0,0.0,0.0,0.0,2519.0
08:08:39.600,0.0,0.0,0.0,0.0,2519.0
08:08:39.700,0.0,0.0,0.0,0.0,2519.0
08:08:39.800,0.0,0.0,0.0,0.0,2519.0
08:08:39.900,0.0,0.0,0.0,0.0,2519.0
08:08:40.000,0.0,0.0,0.0,0.0,2519.0
08:08:40.100,0.0,0.0,0.0,0.0,2519.0
08:08:40.200,0.0,0.0,0.0,0.0,2519.0
08:08:40.300,0.0,0.0,0.0,0.0,2519.0
08:08:40.400,0.0,0.0,0.0,0.0,2519.0
08:08:40.500,0.0,0.0,0.0,0.0,2519.0
08:08:40.600,0.0,0.0,0.0,0.0,2519.0
08:08:40.700,0.0,0.0,0.0,0.0,2519.0
08:08:40.800,0.0,0.0,0.0,0.0,2519.0
08:08:40.900,0.0,0.0,0.0,0.0,2519.0
08:08:41.000,0.0,0.0,0.0,0.0,2519.0
08:08:41.100,0.0,0.0,0.0,0.0,2519.0
08:08:41.200,0.0,0.0,0.0,0.0,2519.0
08:08:41.300,0.0,0.0,0.0,0.0,2519.0
08:08:41.400,0.0,0.0,0.0,0.0,2519.0
08:08:41.500,0.0,0.0,0.0,0.0,2519.0
08:08:41.600,0.0,0.0,0.0,0.0,2519.0
08:08:41.700,0.0,0.0,0.0,0.0,2519.0
08:08:41.800,0.0,0.0,0.0,0.0,2519.0
08:08:41.900,0.0,0.0,0.0,0.0,2519.0
08:08:42.000,0.0,0.0,0.0,0.0,2519.0
08:08:42.100,0.0,0.0,0.0,0.0,2519.0
08:08:42.200,0.0,0.0,0.0,0.0,2519.0
08:08:42.300,0.0,0.0,0.0,0.0,2519.0
08:08:42.400,0.0,0.0,0.0,0.0,2519.0
08:08:42.500,0.0,0.0,0.0,0.0,2519.0
08:08:42.600,0.0,0.0,0.0,0.0,2519.0
08:08:42.700,0.0,0.0,0.0,0.0,2519.0
08:08:42.800,0.0,0.0,0.0,0.0,2519.0
08:08:42.900,0.0,0.0,0.0,0.0,2519.0
08:08:43.000,0.0,0.0,0.0,0.0,2519.0
08:08:43.100,0.0,0.0,0.0,0.0,2519.0
08:08:43.200,0.0,0.0,0.0,0.0,2519.0
08:08:43.300,0.0,0.0,0.0,0.0,2519.0
08:08:43.400,0.0,0.0,0.0,0.0,2519.0
08:08:43.500,0.0,0.0,0.0,0.0,2519.0
08:08:43.600,0.0,0.0,0.0,0.0,2519.0
08:08:43.700,0.0,0.0,0.0,0.0,2519.0
08:08:43.800,0.0,0.0,0.0,0.0,2519.0
08:08:43.900,0.0,0.0,0.0,0.0,2519.0
08:08:44.000,0.0,0.0,0.0,0.0,2519.0
08:08:44.100,0.0,0.0,0.0,0.0,2519.0
08:08:44.200,0.0,0.0,0.0,0.0,2519.0
08:08:44.300,0.0,0.0,0.0,0.0,2519.0
08:08:44.400,0.0,0.0,0.0,0.0,2519.0
08:08:44.500,0.0,0.0,0.0,0.0,2519.0
08:08:44.600,0.0,0.0,0.0,0.0,2519.0
08:08:44.700,0.0,0.0,0.0,0.0,2519.0
08:08:44.800,0.0,0.0,0.0,0.0,2519.0
08:08:44.900,0.0,0.0,0.0,0.0,2519.0
08:08:45.000,0.0,0.0,0.0,0.0,2519.0
08:08:45.100,0.0,0.0,0.0,0.0,2519.0
08:08:45.200,0.0,0.0,0.0,0.0,2519.0
08:08:45.300,0.0,0.0,0.0,0.0,2519.0
08:08:45.400,0.0,0.0,0.0,0.0,2519.0
08:08:45.500,0.0,0.0,0.0,0.0,2519.0
08:08:45.600,0.0,0.0,0.0,0.0,2519.0
08:08:45.700,0.0,0.0,0.0,0.0,2519.0
08:08:45.800,0.0,0.0,0.0,0.0,2519.0
08:08:45.900,0.0,0.0,0.0,0.0,2519.0
08:08:46.000,0.0,0.0,0.0,0.0,2519.0
08:08:46.100,0.0,0.0,0.0,0.0,2519.0
08:08:46.200,0.0,0.0,0.0,0.0,2519.0
08:08:46.300,0.0,0.0,0.0,0.0,2519.0
08:08:46.400,0.0,0.0,0.0,0.0,2519.0
08:08:46.500,0.0,0.0,0.0,0.0,2519.0
08:08:46.600,0.0,0.0,0.0,0.0,2519.0
08:08:46.700,0.0,0.0,0.0,0.0,2519.0
08:08:46.800,0.0,0.0,0.0,0.0,2519.0
08:08:46.900,0.0,0.0,0.0,0.0,2519.0
08:08:47.000,0.0,0.0,0.0,0.0,2519.0
08:08:47.100,0.0,0.0,0.0,0.0,2519.0
08:08:47.200,0.0,0.0,0.0,0.0,2519.0
08:08:47.300,0.0,0.0,0.0,0.0,2519.0
08:08:47.400,0.0,0.0,0.0,0.0,2519.0
08:08:47.500,0.0,0.0,0.0,0.0,2519.0
08:08:47.600,0.0,0.0,0.0,0.0,2519.0
08:08:47.700,0.0,0.0,0.0,0.0,2519.0
08:08:47.800,0.0,0.0,0.0,0.0,2519.0
08:08:47.900,0.0,0.0,0.0,0.0,2519.0
08:08:48.000,0.0,0.0,0.0,0.0,2519.0
08:08:48.100,0.0,0.0,0.0,0.0,2519.0
08:08:48.200,0.0,0.0,0.0,0.0,2519.0
08:08:48.300,0.0,0.0,0.0,0.0,2519.0
08:08:48.400,0.0,0.0,0.0,0.0,2519.0
08:08:48.500,0.0,0.0,0.0,0.0,2519.0
08:08:48.600,0.0,0.0,0.0,0.0,2519.0
08:08:48.700,0.0,0.0,0.0,0.0,2519.0
08:08:48.800,0.0,0.0,0.0,0.0,2519.0
08:08:48.900,0.0,0.0,0.0,0.0,2519.0
08:08:49.000,0.0,0.0,0.0,0.0,2519.0
08:08:49.100,0.0,0.0,0.0,0.0,2519.0
08:08:49.200,0.0,0.0,0.0,0.0,2519.0
08:08:49.300,0.0,0.0,0.0,0.0,2519.0
08:08:49.400,0.0,0.0,0.0,0.0,2519.0
08:08:49.500,0.0,0.0,0.0,0.0,2519.0
08:08:49.600,0.0,0.0,0.0,0.0,2519.0
08:08:49.700,0.0,0.0,0.0,0.0,2519.0
08:08:49.800,0.0,0.0,0.0,0.0,2519.0
08:08:49.900,0.0,0.0,0.0,0.0,2519.0
08:08:50.000,0.0,0.0,0.0,0.0,2519.0
08:08:50.100,0.0,0.0,0.0,0.0,2519.0
08:08:50.200,0.0,0.0,0.0,0.0,2519.0
08:08:50.300,0.0,0.0,0.0,0.0,2519.0
08:08:50.400,0.0,0.0,0.0,0.0,2519.0
08:08:50.500,0.0,0.0,0.0,0.0,2519.0
08:08:50.600,0.0,0.0,0.0,0.0,2519.0
08:08:50.700,0.0,0.0,0.0,0.0,2519.0
08:08:50.800,0.0,0.0,0.0,0.0,2519.0
08:08:50.900,0.0,0.0,0.0,0.0,2519.0
08:08:51.000,0.0,0.0,0.0,0.0,2519.0
08:08:51.100,0.0,0.0,0.0,0.0,2519.0
08:08:51.200,0.0,0.0,0.0,0.0,2519.0
08:08:51.300,0.0,0.0,0.0,0.0,2519.0
08:08:51.400,0.0,0.0,0.0,0.0,2519.0
08:08:51.500,0.0,0.0,0.0,0.0,2519.0
08:08:51.600,0.0,0.0,0.0,0.0,2519.0
08:08:51.700,0.0,0.0,0.0,0.0,2519.0
08:08:51.800,0.0,0.0,0.0,0.0,2519.0
08:08:51.900,0.0,0.0,0.0,0.0,2519.0
08:08:52.000,0.0,0.0,0.0,0.0,2519.0
08:08:52.100,0.0,0.0,0.0,0.0,2519.0
08:08:52.200,0.0,0.0,0.0,0.0,2519.0
08:08:52.300,0.0,0.0,0.0,0.0,2519.0
08:08:52.400,0.0,0.0,0.0,0.0,2519.0
08:08:52.500,0.0,0.0,0.0,0.0,2519.0
08:08:52.600,0.0,0.0,0.0,0.0,2519.0
08:08:52.700,0.0,0.0,0.0,0.0,2519.0
08:08:52.800,0.0,0.0,0.0,0.0,2519.0
08:08:52.900,0.0,0.0,0.0,0.0,2519.0
08:08:53.000,0.0,0.0,0.0,0.0,2519.0
08:08:53.100,0.0,0.0,0.0,0.0,2519.0
08:08:53.200,0.0,0.0,0.0,0.0,2519.0
08:08:53.300,0.0,0.0,0.0,0.0,2519.0
08:08:53.400,0.0,0.0,0.0,0.0,2519.0
08:08:53.500,0.0,0.0,0.0,0.0,2519.0
08:08:53.600,0.0,0.0,0.0,0.0,2519.0
08:08:53.700,0.0,0.0,0.0,0.0,2519.0
08:08:53.800,0.0,0.0,0.0,0.0,2519.0
08:08:53.900,0.0,0.0,0.0,0.0,2519.0
08:08:54.000,0.0,0.0,0.0,0.0,2519.0
08:08:54.100,0.0,0.0,0.0,0.0,2519.0
08:08:54.200,0.0,0.0,0.0,0.0,2519.0
08:08:54.300,0.0,0.0,0.0,0.0,2519.0
08:08:54.400,0.0,0.0,0.0,0.0,2519.0
08:08:54.500,0.0,0.0,0.0,0.0,2519.0
08:08:54.600,0.0,0.0,0.0,0.0,2519.0
08:08:54.700,0.0,0.0,0.0,0.0,2519.0
08:08:54.800,0.0,0.0,0.0,0.0,2519.0
08:08:54.900,0.0,0.0,0.0,0.0,2519.0
08:08:55.000,0.0,0.0,0.0,0.0,2519.0
08:08:55.100,0.0,0.0,0.0,0.0,2519.0
08:08:55.200,0.0,0.0,0.0,0.0,2519.0
08:08:55.300,0.0,0.0,0.0,0.0,2519.0
08:08:55.400,0.0,0.0,0.0,0.0,2519.0
08:08:55.500,0.0,0.0,0.0,0.0,2519.0
08:08:55.600,0.0,0.0,0.0,0.0,2519.0
08:08:55.700,0.0,0.0,0.0,0.0,2519.0
08:08:55.800,0.0,0.0,0.0,0.0,2519.0
08:08:55.900,0.0,0.0,0.0,0.0,2519.0
08:08:56.000,0.0,0.0,0.0,0.0,2519.0
08:08:56.100,0.0,0.0,0.0,0.0,2519.0
08:08:56.200,0.0,0.0,0.0,0.0,2519.0
08:08:56.300,0.0,0.0,0.0,0.0,2519.0
08:08:56.400,0.0,0.0,0.0,0.0,2519.0
08:08:56.500,0.0,0.0,0.0,0.0,2519.0
08:08:56.600,0.0,0.0,0.0,0.0,2519.0
08:08:56.700,0.0,0.0,0.0,0.0,2519.0
08:08:56.800,0.0,0.0,0.0,0.0,2519.0
